TRUNCATE traps."NonTargetSpecies", traps."Returns", traps."Registrations";

INSERT INTO traps."Registrations" (id,convictions,"usingGL01","usingGL02","usingGL03","complyWithTerms","meatBaits","fullName","addressLine1","addressLine2","addressTown","addressCounty","addressPostcode","phoneNumber","emailAddress","createdAt","updatedAt","deletedAt","createdByLicensingOfficer") VALUES
(1, false, true, true, true, true, false, 'Bradley Mante', '9313 Fadel Tunnel', '', 'South Lexusport', 'Inverness-shire', 'IV1 1AA', '07700 900001', 'Bradley.Mante@example.org', '2021-05-28 00:00:01.010', '2021-05-28 00:00:01.020', NULL, '9990000'),
(2, false, true, true, true, true, true, 'Jairo Veum', '763 Littel Island', '', 'Tampa', 'Highlands', 'IV2 1AB', '07700 900002', 'Jairo.Veum@example.org', '2021-05-28 00:00:02.010', '2021-05-28 00:00:02.020', NULL, '9990000'),
(3, false, true, true, true, true, false, 'Mariam Pfannerstill', '799 Schowalter Shoal', '', 'North Chaunceyside', 'Scotland', 'IV3 1AC', '07700 900003', 'Mariam.Pfannerstill@example.org', '2021-05-28 00:01:03.010', '2021-05-28 00:01:03.020', NULL, '9990000'),
(4, false, true, true, true, true, true, 'Edwin Prosacco', '0529 Cristopher Camp', '', 'Jaidenburgh', 'Inverness-shire', 'IV4 1AD', '07700 900004', 'Edwin.Prosacco@example.org', '2021-05-28 00:01:04.010', '2021-05-28 00:01:04.020', NULL, '9990000'),
(5, false, true, true, true, true, false, 'Oswaldo Morar', '6660 Mertz Falls', '', 'Shemarshire', 'Highlands', 'IV5 1AE', '07700 900005', 'Oswaldo.Morar@example.org', '2021-05-28 00:01:05.010', '2021-05-28 00:01:05.020', NULL, '9990000'),
(6, false, true, true, false, true, true, 'Ebony Johns', '987 Swaniawski Path', '', 'West Sonnybury', 'Scotland', 'IV6 1AF', '07700 900006', 'Ebony.Johns@example.org', '2021-05-28 00:02:06.010', '2021-05-28 00:02:06.020', NULL, '9990000'),
(7, false, true, true, false, true, false, 'Theo Johnson', '2936 Wolff Burg', '', 'Waco', 'Inverness-shire', 'IV7 1AG', '07700 900007', 'Theo.Johnson@example.org', '2021-05-28 00:02:07.010', '2021-05-28 00:02:07.020', NULL, '9990000'),
(8, false, true, true, false, true, true, 'Abbie Ratke', '0564 Johnathan Canyon', '', 'Cletusborough', 'Highlands', 'IV8 1AH', '07700 900008', 'Abbie.Ratke@example.org', '2021-05-28 00:02:08.010', '2021-05-28 00:02:08.020', NULL, '9990000'),
(9, false, true, true, false, true, false, 'Earlene Kirlin', '8079 Bud View', '', 'South Tianna', 'Scotland', 'IV9 1AI', '07700 900009', 'Earlene.Kirlin@example.org', '2021-05-28 00:03:09.010', '2021-05-28 00:03:09.020', NULL, NULL),
(10, false, true, true, false, true, true, 'Vena Toy', '3026 Schneider Mount', '', 'North Alessandraville','Inverness-shire', 'IV10 1AJ', '07700 900010', 'Vena.Toy@example.org', '2021-05-28 00:03:10.010', '2021-05-28 00:03:10.020', NULL, NULL),
(11, false, true, true, NULL, true, false, 'Mary Moore', '198 Gulgowski Ridge', '', 'Legrosport', 'Highlands', 'IV11 1AK', '07700 900011', 'Mary.Moore@example.org', '2021-05-28 00:03:11.010', '2021-05-28 00:03:11.020', NULL, NULL),
(12, false, true, true, NULL, true, true, 'Liana Schaefer', '74688 Funk Wells', '', 'North Ashtyn', 'Scotland', 'IV12 1AL', '07700 900012', 'Liana.Schaefer@example.org', '2021-05-28 00:04:12.010', '2021-05-28 00:04:12.020', NULL, NULL),
(13, false, true, true, NULL, true, false, 'Colt Toy', '54744 Wisozk Grove', '', 'Port Murray', 'Inverness-shire', 'IV13 1AM', '07700 900013', 'Colt.Toy@example.org', '2021-05-28 00:04:13.010', '2021-05-28 00:04:13.020', NULL, NULL),
(14, false, true, true, NULL, true, true, 'Marcia Hahn', '375 Carlos Green', '', 'Mooreview', 'Highlands', 'IV14 1AN', '07700 900014', 'Marcia.Hahn@example.org', '2021-05-28 00:04:14.010', '2021-05-28 00:04:14.020', NULL, NULL),
(15, false, true, true, NULL, true, false, 'Elouise Yundt', '4907 Bonnie Viaduct', '', 'North Benny', 'Scotland', 'IV15 1AO', '07700 900015', 'Elouise.Yundt@example.org', '2021-05-28 00:05:15.010', '2021-05-28 00:05:15.020', NULL, NULL),
(16, false, true, true, NULL, true, true, 'Edgardo Wilkinson', '37350 Kutch Flats', '', 'Port Justusport', 'Inverness-shire', 'IV16 1AP', '07700 900016', 'Edgardo.Wilkinson@example.org', '2021-05-28 00:05:16.010', '2021-05-28 00:05:16.020', NULL, NULL),
(17, false, true, true, NULL, true, false, 'Minerva Jones', '9130 Okuneva Cliff', '', 'Baumbachfurt', 'Highlands', 'IV17 1AQ', '07700 900017', 'Minerva.Jones@example.org', '2021-05-28 00:05:17.010', '2021-05-28 00:05:17.020', NULL, NULL),
(18, false, true, true, NULL, true, true, 'Ruthe Boehm', '69532 Aleen Bypass', '', 'Port Gregorybury', 'Scotland', 'IV18 1AR', '07700 900018', 'Ruthe.Boehm@example.org', '2021-05-28 00:06:18.010', '2021-05-28 00:06:18.020', NULL, NULL),
(19, false, true, false, NULL, true, false, 'Gladyce Greenfelder', '213 Koepp Locks', '', 'Lake Leannahaven', 'Inverness-shire', 'IV19 1AS', '07700 900019', 'Gladyce.Greenfelder@example.org', '2021-05-28 00:06:19.010', '2021-05-28 00:06:19.020', NULL, NULL),
(20, false, true, false, NULL, true, true, 'Princess Harvey', '681 Runolfsdottir Shores', '', 'Gorczanyshire', 'Highlands', 'IV20 1AT', '07700 900020', 'Princess.Harvey@example.org', '2021-05-28 00:06:20.010', '2021-05-28 00:06:20.020', NULL, NULL),
(21, false, true, false, NULL, true, false, 'Macie Romaguera', '028 Morissette Mission', '', 'Hermistonside', 'Scotland', 'IV21 1AU', '07700 900021', 'Macie.Romaguera@example.org', '2021-05-28 00:07:21.010', '2021-05-28 00:07:21.020', NULL, NULL),
(22, false, true, false, NULL, true, true, 'Vivianne Hills', '318 Ozella Lights', '', 'East Lucinda', 'Inverness-shire', 'IV22 1AV', '07700 900022', 'Vivianne.Hills@example.org', '2021-05-28 00:07:22.010', '2021-05-28 00:07:22.020', NULL, NULL),
(23, false, true, false, NULL, true, false, 'Esmeralda Brekke', '2872 Toy Manor', '', 'West Winfieldborough', 'Highlands', 'IV23 1AW', '07700 900023', 'Esmeralda.Brekke@example.org', '2021-05-28 00:07:23.010', '2021-05-28 00:07:23.020', NULL, NULL),
(24, false, true, false, NULL, true, true, 'Marielle Spencer', '38878 Erdman Mountains', '', 'Eliseoborough', 'Scotland', 'IV24 1AX', '07700 900024', 'Marielle.Spencer@example.org', '2021-05-28 00:08:24.010', '2021-05-28 00:08:24.020', NULL, NULL),
(25, false, true, false, NULL, true, false, 'Naomi Oberbrunner', '673 Marianne Fords', '', 'Juniorbury', 'Inverness-shire', 'IV25 1AY', '07700 900025', 'Naomi.Oberbrunner@example.org', '2021-05-28 00:08:25.010', '2021-05-28 00:08:25.020', NULL, NULL),
(26, false, true, false, NULL, true, true, 'Arielle McKenzie', '34362 Runolfsson Extensions', '', 'Streichton', 'Highlands', 'IV26 1BZ', '07700 900026', 'Arielle.McKenzie@example.org', '2021-05-28 00:08:26.010', '2021-05-28 00:08:26.020', NULL, NULL),
(27, false, true, false, NULL, true, false, 'Zena Cartwright', '1252 Lemke View', '', 'Chattanooga', 'Scotland', 'IV27 1BA', '07700 900027', 'Zena.Cartwright@example.org', '2021-05-28 00:09:27.010', '2021-05-28 00:09:27.020', NULL, NULL),
(28, false, true, false, NULL, true, true, 'Elisabeth Lesch', '5598 Maximilian Gardens', '', 'Kannapolis', 'Inverness-shire', 'IV28 1BB', '07700 900028', 'Elisabeth.Lesch@example.org', '2021-05-28 00:09:28.010', '2021-05-28 00:09:28.020', NULL, NULL),
(29, false, true, false, NULL, true, false, 'Brenda Blick', '78328 Ryder Lakes', '', 'Bertbury', 'Highlands', 'IV29 1BC', '07700 900029', 'Brenda.Blick@example.org', '2021-05-28 00:09:29.010', '2021-05-28 00:09:29.020', NULL, NULL),
(30, false, true, false, NULL, true, true, 'Kacie Crona', '02652 West Village', '', 'Smithamville', 'Scotland', 'IV30 1BD', '07700 900030', 'Kacie.Crona@example.org', '2021-05-28 00:10:30.010', '2021-05-28 00:10:30.020', NULL, NULL),
(31, false, true, false, NULL, true, false, 'Cornelius Barton', '865 Delfina Meadow', '', 'East Kyliestad', 'Inverness-shire', 'IV31 1BE', '07700 900031', 'Cornelius.Barton@example.org', '2021-05-28 00:10:31.010', '2021-05-28 00:10:31.020', NULL, NULL),
(32, false, true, false, NULL, true, true, 'Raymundo Block', '61980 Alyce Forge', '', 'Hempstead', 'Highlands', 'IV32 1BF', '07700 900032', 'Raymundo.Block@example.org', '2021-05-28 00:10:32.010', '2021-05-28 00:10:32.020', NULL, NULL),
(33, false, true, false, NULL, true, false, 'Jessica McGlynn', '43231 Emmerich Shoal', '', 'Rocklin', 'Scotland', 'IV33 1BG', '07700 900033', 'Jessica.McGlynn@example.org', '2021-05-28 00:11:33.010', '2021-05-28 00:11:33.020', NULL, NULL),
(34, false, true, false, NULL, true, true, 'Louvenia Rohan', '84369 Fadel Well', '', 'Laverneview', 'Inverness-shire', 'IV34 1BH', '07700 900034', 'Louvenia.Rohan@example.org', '2021-05-28 00:11:34.010', '2021-05-28 00:11:34.020', NULL, NULL),
(35, false, true, false, NULL, true, false, 'Norene Stokes', '4883 Victoria Islands', '', 'Bradenton', 'Highlands', 'IV35 1BI', '07700 900035', 'Norene.Stokes@example.org', '2021-05-28 00:11:35.010', '2021-05-28 00:11:35.020', NULL, NULL),
(36, false, true, false, NULL, true, true, 'Kade Mayert', '41428 Marshall Trail', '', 'Cordelltown', 'Scotland', 'IV36 1BJ', '07700 900036', 'Kade.Mayert@example.org', '2021-05-28 00:12:36.010', '2021-05-28 00:12:36.020', NULL, NULL),
(37, false, false, true, NULL, true, false, 'Estell Weimann', '44050 Maxwell Stream', '', 'Rhetttown', 'Inverness-shire', 'IV37 1BK', '07700 900037', 'Estell.Weimann@example.org', '2021-05-28 00:12:37.010', '2021-05-28 00:12:37.020', NULL, NULL),
(38, false, false, true, NULL, true, true, 'Elmer Mosciski', '44796 Cole Fords', '', 'Kileyfurt', 'Highlands', 'IV38 1BL', '07700 900038', 'Elmer.Mosciski@example.org', '2021-05-28 00:12:38.010', '2021-05-28 00:12:38.020', NULL, NULL),
(39, false, false, true, NULL, true, false, 'Dudley Rodriguez', '6885 Ledner Flats', '', 'South Maurineberg', 'Scotland', 'IV39 1BM', '07700 900039', 'Dudley.Rodriguez@example.org', '2021-05-28 00:13:39.010', '2021-05-28 00:13:39.020', NULL, NULL),
(40, false, false, true, NULL, true, true, 'Muhammad Wehner', '4832 Leffler Valley', '', 'New Eusebio', 'Inverness-shire', 'IV40 1BN', '07700 900040', 'Muhammad.Wehner@example.org', '2021-05-28 00:13:40.010', '2021-05-28 00:13:40.020', NULL, NULL),
(41, false, false, true, NULL, true, false, 'Monserrat Turcotte', '3813 Lockman Station', '', 'East Baron', 'Highlands', 'IV41 1BO', '07700 900041', 'Monserrat.Turcotte@example.org', '2021-05-28 00:13:41.010', '2021-05-28 00:13:41.020', NULL, NULL),
(42, false, false, true, NULL, true, true, 'Antwon Yost', '700 Lexi Road', '', 'Strongsville', 'Scotland', 'IV42 1BP', '07700 900042', 'Antwon.Yost@example.org', '2021-05-28 00:14:42.010', '2021-05-28 00:14:42.020', NULL, NULL),
(43, false, false, true, NULL, true, false, 'Greyson Yundt', '38525 Satterfield Burg', '', 'Lake Dallinbury', 'Inverness-shire', 'IV43 1BQ', '07700 900043', 'Greyson.Yundt@example.org', '2021-05-28 00:14:43.010', '2021-05-28 00:14:43.020', NULL, NULL),
(44, false, false, true, NULL, true, true, 'Jaime Flatley', '793 Hilpert Meadow', '', 'Euclid', 'Highlands', 'IV44 1BR', '07700 900044', 'Jaime.Flatley@example.org', '2021-05-28 00:14:44.010', '2021-05-28 00:14:44.020', NULL, NULL),
(45, false, false, true, NULL, true, false, 'Austen Schmidt', '414 Bechtelar Meadow', '', 'Biloxi', 'Scotland', 'IV45 1BS', '07700 900045', 'Austen.Schmidt@example.org', '2021-05-28 00:15:45.010', '2021-05-28 00:15:45.020', NULL, NULL),
(46, false, false, true, NULL, true, true, 'Rae Moen', '8981 Linwood Circles', '', 'Port Darby', 'Inverness-shire', 'IV46 1BT', '07700 900046', 'Rae.Moen@example.org', '2021-05-28 00:15:46.010', '2021-05-28 00:15:46.020', NULL, NULL),
(47, false, false, true, NULL, true, false, 'Lorine Shields', '1714 Cassie Road', '', 'Dylanville', 'Highlands', 'IV47 1BU', '07700 900047', 'Lorine.Shields@example.org', '2021-05-28 00:15:47.010', '2021-05-28 00:15:47.020', NULL, NULL),
(48, false, false, true, NULL, true, true, 'Howell Kovacek', '5517 Hayley Isle', '', 'Jonberg', 'Scotland', 'IV48 1BV', '07700 900048', 'Howell.Kovacek@example.org', '2021-05-28 00:16:48.010', '2021-05-28 00:16:48.020', NULL, NULL),
(49, false, false, true, NULL, true, false, 'Watson Armstrong', '431 Bayer Heights', '', 'Effertzchester', 'Inverness-shire', 'IV49 1BW', '07700 900049', 'Watson.Armstrong@example.org', '2021-05-28 00:16:49.010', '2021-05-28 00:16:49.020', NULL, NULL),
(50, false, false, true, NULL, true, true, 'Ava Konopelski', '69706 Towne Run', '', 'New Alainatown', 'Highlands', 'IV50 1BX', '07700 900050', 'Ava.Konopelski@example.org', '2021-05-28 00:16:50.010', '2021-05-28 00:16:50.020', NULL, NULL),
(51, false, false, true, NULL, true, false, 'Rudolph Tromp', '66170 Kianna Groves', '', 'Keelingville', 'Scotland', 'IV51 1BY', '07700 900051', 'Rudolph.Tromp@example.org', '2021-05-28 00:17:51.010', '2021-05-28 00:17:51.020', NULL, NULL),
(52, false, false, true, NULL, true, true, 'Lance Boyle', '9856 Langworth Pine', '', 'Redondo Beach', 'Inverness-shire', 'IV52 1CZ', '07700 900052', 'Lance.Boyle@example.org', '2021-05-28 00:17:52.010', '2021-05-28 00:17:52.020', NULL, NULL),
(53, false, false, true, NULL, true, false, 'Rhoda Crooks', '95414 Hansen Passage', '', 'East Alessandrobury', 'Highlands', 'IV53 1CA', '07700 900053', 'Rhoda.Crooks@example.org', '2021-05-28 00:17:53.010', '2021-05-28 00:17:53.020', NULL, NULL),
(54, false, false, true, NULL, true, true, 'Barton Bergnaum', '070 Beer Parkway', '', 'Elkhart', 'Scotland', 'IV54 1CB', '07700 900054', 'Barton.Bergnaum@example.org', '2021-05-28 00:18:54.010', '2021-05-28 00:18:54.020', NULL, NULL)
;

INSERT INTO traps."Returns" ("id", "nonTargetSpeciesToReport", "RegistrationId", "createdAt", "updatedAt", "deletedAt") VALUES
(1, false, 4, '2021-05-28 01:00:01.010', '2021-05-28 01:00:01.020', null),
(2, true, 8, '2021-05-28 01:00:02.010', '2021-05-28 01:00:02.020', null),
(3, false, 12, '2021-05-28 01:01:03.010', '2021-05-28 01:01:03.020', null),
(4, true, 16, '2021-05-28 01:01:04.010', '2021-05-28 01:01:04.020', null),
(5, false, 20, '2021-05-28 01:01:05.010', '2021-05-28 01:01:05.020', null),
(6, true, 24, '2021-05-28 01:02:06.010', '2021-05-28 01:02:06.020', null),
(7, false, 28, '2021-05-28 01:02:07.010', '2021-05-28 01:02:07.020', null),
(8, true, 32, '2021-05-28 01:02:08.010', '2021-05-28 01:02:08.020', null),
(9, false, 36, '2021-05-28 01:03:09.010', '2021-05-28 01:03:09.020', null),
(10, true, 40, '2021-05-28 01:03:10.010', '2021-05-28 01:03:10.020', null),
(11, false, 44, '2021-05-28 01:03:11.010', '2021-05-28 01:03:11.020', null),
(12, true, 48, '2021-05-28 01:04:12.010', '2021-05-28 01:04:12.020', null),
(13, false, 52, '2021-05-28 01:04:13.010', '2021-05-28 01:04:13.020', null),
(14, false, 52, '2021-05-28 01:04:13.010', '2021-05-28 01:04:13.020', null),
(15, false, 52, '2021-05-28 01:04:13.010', '2021-05-28 01:04:13.020', null),
(16, false, 52, '2021-05-28 01:04:13.010', '2021-05-28 01:04:13.020', null),
(17, false, 52, '2021-05-28 01:04:13.010', '2021-05-28 01:04:13.020', null),
(18, false, 52, '2021-05-28 01:04:13.010', '2021-05-28 01:04:13.020', null),
(19, false, 52, '2021-05-28 01:04:13.010', '2021-05-28 01:04:13.020', null),
(20, false, 52, '2021-05-28 01:04:13.010', '2021-05-28 01:04:13.020', null),
(21, false, 52, '2021-05-28 01:04:13.010', '2021-05-28 01:04:13.020', null),
(22, false, 52, '2021-05-28 01:04:13.010', '2021-05-28 01:04:13.020', null),
(23, false, 52, '2021-05-28 01:04:13.010', '2021-05-28 01:04:13.020', null),
(24, false, 52, '2021-05-28 01:04:13.010', '2021-05-28 01:04:13.020', null),
(25, false, 52, '2021-05-28 01:04:13.010', '2021-05-28 01:04:13.020', null),
(26, false, 52, '2021-05-28 01:04:13.010', '2021-05-28 01:04:13.020', null),
(27, false, 52, '2021-05-28 01:04:13.010', '2021-05-28 01:04:13.020', null)
;

INSERT INTO traps."NonTargetSpecies" ("id", "ReturnId", "gridReference", "speciesCaught", "numberCaught", "trapType", "comment", "createdAt", "updatedAt", "deletedAt") VALUES
(1, 2, 'NH61114111', 'Buzzard / Buteo buteo', 1, 'Larsen mate', 'Test Entry', '2021-05-28 02:00:02.010', '2021-05-28 02:00:02.020', null),
(2, 4, 'NH62224222', 'Buzzard / Buteo buteo', 2, 'Larsen mate', 'Test Entry', '2021-05-28 02:01:04.010', '2021-05-28 02:01:04.020', null),
(3, 6, 'NH63334333', 'Buzzard / Buteo buteo', 3, 'Larsen mate', 'Test Entry', '2021-05-28 02:02:06.010', '2021-05-28 02:02:06.020', null),
(4, 8, 'NH64444444', 'Buzzard / Buteo buteo', 4, 'Larsen mate', 'Test Entry', '2021-05-28 02:02:08.010', '2021-05-28 02:02:08.020', null),
(5, 10, 'NH65554555', 'Buzzard / Buteo buteo', 5, 'Larsen mate', 'Test Entry', '2021-05-28 02:03:10.010', '2021-05-28 02:03:10.020', null),
(6, 12, 'NH66664555', 'Buzzard / Buteo buteo', 6, 'Larsen mate', 'Test Entry', '2021-05-28 02:04:12.010', '2021-05-28 02:04:12.020', null)
;

COMMIT;
